{
  "creationTimeStamp" : null,
  "modifiedTimeStamp" : null,
  "createdBy" : null,
  "modifiedBy" : null,
  "id" : null,
  "name" : "RNN Forecasting",
  "description" : "RNN Forecasting Based on ATSM/RNNSPEC",
  "revision" : 0,
  "version" : 3,
  "prototype" : {
    "creationTimeStamp" : null,
    "modifiedTimeStamp" : null,
    "createdBy" : null,
    "modifiedBy" : null,
    "id" : null,
    "name" : "RNN Forecasting",
    "description" : "RNN Forecasting Based on ATSM/RNNSPEC",
    "revision" : 0,
    "iconCode" : null,
    "imageUri" : null,
    "executionProviderId" : "Compute",
    "code" : null,
    "classification" : null,
    "group" : null,
    "status" : "undefined",
    "componentProperties" : {
      "_rnntype" : "LSTM",
      "_ninput" : 6,
      "_nlayer" : 3,
      "_nneuronh": 10,
      "_nvalidation": 0,
      "_alpha": 0.05,
      "_seed" : 12345,
      "_batchselection": "SHUFFLE",
      "_normalize": "STD",
      "_posttrain":"YES",
      "_outputinitbias": 0,
      "_recurrentinitbias": 0,
      "_useerroracf": "YES",
      "_weightinit": "XAVIER",
      "_algorithm":"ADAM",
      "_learningrate" : 0.001,
      "_momentum":0.9,
      "_beta1": 0.9,
      "_beta2": 0.999,
      "_epsilon":0.00000001, 
      "_learningpolicy":"FIXED",
      "_gamma": 0.1,
      "_power": 0.75,
      "_stepsize": 10,
      "_maxepochs" : 100,
      "_minibatchsize": 1 ,
      "_clipgradmax":1000,
      "_clipgradmin":-1000,
      "_dropouttype":"STANDARD",
      "_dropout":0,
      "_dropoutinput": 0,
      "_regl1":0,
      "_regl2":0,
      "_stagnation" : 5,
      "_threshold" : 0.00000001,
      "_warmupepochs": 20,
      "_arimaxInclude" : true,
      "_esmInclude" : true,
      "_holdoutSampleSize" : 0,
      "_idmInclude" : false,
      "_idmMethod" : "BEST",
      "_intermittencySensitivity" : 2,
      "_minobs" : 1,
      "_minobsSeason" : 2,
      "_minobsTrend" : 1,
      "_outtable_mergedAttrInclude" : true,
      "_outtable_outcompInclude" : false,
      "_outtable_outestInclude" : false,
      "_outtable_outeventInclude" : false,
      "_outtable_outeventdummyInclude" : false,
      "_outtable_outfmsgInclude" : false,
      "_outtable_outforInclude" : true,
      "_outtable_outindepInclude" : false,
      "_outtable_outlogInclude" : true,
      "_outtable_outmodelinfoInclude" : true,
      "_outtable_outselectInclude" : false,
      "_outtable_outstatInclude" : true,
      "_outtable_outsumInclude" : true,
      "_selectionCriteria" : "MAPE",
      "_ucmInclude" : false,
      "_selectionCriteria" : "MAPE",
      "_ucmInclude" : false,
      "dataSpecification" : {
        "outAttributesList" : [ {
          "columns" : [ "NOBS", "N", "NMISS", "MIN", "MAX", "MEAN", "STDDEV", "_STATUS_" ],
          "name" : "OUTSUM"
        }, {
          "columns" : [ "_REGION_", "_SELECT_", "_MODEL_", "DFE", "N", "NOBS", "NMISSA", "NMISSP", "NPARMS", "TSS", "SST", "SSE", "MSE", "RMSE", "UMSE", "URMSE", "MAPE", "MAE", "RSQUARE", "ADJRSQ", "AADJRSQ", "RWRSQ", "AIC", "AICC", "SBC", "APC", "MAXERR", "MINERR", "MAXPE", "MINPE", "ME", "MPE", "MDAPE", "GMAPE", "MINPPE", "MAXPPE", "MPPE", "MAPPE", "MDAPPE", "GMAPPE", "MINSPE", "MAXSPE", "MSPE", "SMAPE", "MDASPE", "GMASPE", "MINRE", "MAXRE", "MRE", "MRAE", "MDRAE", "GMRAE", "MASE", "MINAPES", "MAXAPES", "MAPES", "MDAPES", "GMAPES" ],
          "name" : "OUTSTAT"
        }, {
          "columns" : [ "_MODEL_", "_MODELTYPE_", "_DEPTRANS_", "_SEASONAL_", "_TREND_", "_INPUTS_", "_EVENTS_", "_OUTLIERS_", "_STATUS_", "_SOURCE_" ],
          "name" : "OUTMODELINFO"
        } ]
      }
    },
    "systemAttributes" : null,
    "validationModel" : null,
    "validationErrors" : null,
    "version" : 3,
    "componentPropertyMetadata" : { },
    "eTag" : "W/\"1620053011943485000\""
  },
  "applicationId" : "forecasting",
  "classification" : "pluggable",
  "providerId" : "CustomTemplate",
  "group" : "modeling",
  "hidden" : false,
  "eTag" : "W/\"1620053011943410000\""
}